,ks,model
0,0.8639111256330665,KAN
1,0.8592822523552797,KAN
2,0.8365549017554689,KAN
3,0.8524359543673241,KAN
4,0.8643665719563571,KAN
5,0.8523654457766796, KAN
6,0.8538656998754434, KAN
7,0.8555422467898653, KAN
8,0.8527456642570864, KAN
9,0.8548753580757656, KAN
